Domain,Type,Opt-out URL,Comments,Email,Source,Health,YDR Name,YDR URL
123people.com,People Finder / Social Media,,,,http://www.internetremoval.com/directory/,Dead,,
411.com,Directory - White Pages,,,,http://www.internetremoval.com/directory/,,,
acxiom.com,TOP,,,dataprotection@acxiom.com,https://www.stopdatamining.me/opt-out-list/,,Acxiom,https://yourdigitalrights.org/?company=acxiom.com
addresses.com,Personal Information,,,,https://docs.google.com/spreadsheets/d/10wzyKEl-fAxjCD42u9HQxtCZjXRFGkKWb0rDQwwSXTU/edit#gid=0,,,
addresssearch.com,Personal Information,,,,https://docs.google.com/spreadsheets/d/10wzyKEl-fAxjCD42u9HQxtCZjXRFGkKWb0rDQwwSXTU/edit#gid=1,,,
alhea.com,Search Engine,,,gprd@egocogito.com,http://www.internetremoval.com/directory/,,Alhea,https://yourdigitalrights.org/?company=alhea.com
ameridex.com,Data Brokers,,,support@ameridex.com,https://www.stopdatamining.me/opt-out-list/,Dead,Ameridex,https://yourdigitalrights.org/?company=ameridex.com
ancestry.com,Personal Information,,,messageboards@rootsweb.com,http://www.internetremoval.com/directory/,,Ancestry,https://yourdigitalrights.org/?company=ancestry.com
anywho.com,Personal Information,,,,https://docs.google.com/spreadsheets/d/10wzyKEl-fAxjCD42u9HQxtCZjXRFGkKWb0rDQwwSXTU/edit#gid=2,,,
aol.com,Search Engine,,,,http://www.internetremoval.com/directory/,,,
apple.com,Personal Information,,,support@apple.com,http://www.internetremoval.com/directory/,,Apple,https://yourdigitalrights.org/?company=apple.com
archives.com,Personal Information,,,dpo@ancestry.com,https://docs.google.com/spreadsheets/d/10wzyKEl-fAxjCD42u9HQxtCZjXRFGkKWb0rDQwwSXTU/edit#gid=3,,Archives.com,https://yourdigitalrights.org/?company=archives.com
aristotle.com,Direct Marketers,,,sales@aristotle.com,https://www.stopdatamining.me/opt-out-list/,,Integrity,https://yourdigitalrights.org/?company=aristotle.com
arrestcentral.com,Mugshot,,,,http://www.internetremoval.com/directory/,Dead,,
arrestfiles.org,Mugshot,,,,http://www.internetremoval.com/directory/,,,
arrests.org,Mugshot,,,,http://www.internetremoval.com/directory/,,,
ask.com,Search Engine,,,privacyhelp@ask.com,http://www.internetremoval.com/directory/,,Ask.com,https://yourdigitalrights.org/?company=ask.com
backgroundalert.com,Personal Information,,,info@backgroundalert.com,https://docs.google.com/spreadsheets/d/10wzyKEl-fAxjCD42u9HQxtCZjXRFGkKWb0rDQwwSXTU/edit#gid=4,,Background Alert,https://yourdigitalrights.org/?company=backgroundalert.com
bankruptreport.com,Social Media,,,admin@bankruptreport.com,http://www.internetremoval.com/directory/,Dead,Bankrupt Report,https://yourdigitalrights.org/?company=bankruptreport.com
beenverified.com,Personal Information,,,support@beenverified.com,https://docs.google.com/spreadsheets/d/10wzyKEl-fAxjCD42u9HQxtCZjXRFGkKWb0rDQwwSXTU/edit#gid=5,,BeenVerified,https://yourdigitalrights.org/?company=beenverified.com
birthdatabase.com,Personal Information,,,,http://www.internetremoval.com/directory/,,,
blekko.com,Search Engine,,,,http://www.internetremoval.com/directory/,,,
broward.thugshot.com,Mugshot,,,,http://www.internetremoval.com/directory/,Dead,,
bustedmugshots.com,Mugshot,,,,http://www.internetremoval.com/directory/,,,
campusmugshots.com,Mugshot,,,,http://www.internetremoval.com/directory/,,,
checkthem.com,Personal Information,,,support@checkthem.com,https://docs.google.com/spreadsheets/d/10wzyKEl-fAxjCD42u9HQxtCZjXRFGkKWb0rDQwwSXTU/edit#gid=6,,Check Them,https://yourdigitalrights.org/?company=checkthem.com
citysearch.com,Directory - Yellow Pages,,,customerservice@citygrid.com,http://www.internetremoval.com/directory/,,Cataldo Family Enterprises,https://yourdigitalrights.org/?company=citysearch.com
citysquares.com,Directory - Yellow Pages,,,info@citysquares.com,http://www.internetremoval.com/directory/,,CitySquares,https://yourdigitalrights.org/?company=citysquares.com
classmates.com,Personal Information,,,privacy@peopleconnect.us,http://www.internetremoval.com/directory/,,Classmates.com,https://yourdigitalrights.org/?company=classmates.com
coloradovoters.info,Voter Lists,,,contact@coloradovoters.info,http://www.internetremoval.com/directory/,,Colorado Voters,https://yourdigitalrights.org/?company=coloradovoters.info
connvoters.com,Voter Lists,,,contact@connvoters.com,http://www.internetremoval.com/directory/,,Connvoters,https://yourdigitalrights.org/?company=connvoters.com
contenko.com,Search Engine,,,,http://www.internetremoval.com/directory/,broken,,
corelogic.com/,Credit Bureaus - Alternative,,,,http://www.internetremoval.com/directory/,,,
coxtarget.com,Direct Marketers,,,,https://www.stopdatamining.me/opt-out-list/,,,
epsilon.com,TOP,,,privacy@epsilon.com,https://www.stopdatamining.me/opt-out-list/,,Epsilon,https://yourdigitalrights.org/?company=epsilon.com
datingcomplaints.com,Dating - Revenge Sites,,,,http://www.internetremoval.com/directory/,Dead,,
deeperweb.com,Search Engine,,,,http://www.internetremoval.com/directory/,Dead,,
dexknows.com,Direct Marketers,,,dmcanotices@dexmedia.com,https://www.stopdatamining.me/opt-out-list/,,DexKnows,https://yourdigitalrights.org/?company=dexknows.com
directmail.com,Direct Marketers,,,media@directmail.com,https://www.stopdatamining.me/opt-out-list/,,DirectMail.Com,https://yourdigitalrights.org/?company=directmail.com
dirtyphonebook.com,People Finder,,,,http://www.internetremoval.com/directory/,Dead,,
dmachoice.org,Direct Marketers,,,,https://www.stopdatamining.me/opt-out-list/,,,
dnb.com,Direct Marketers,,,privacyofficer@dnb.com,https://www.stopdatamining.me/opt-out-list/,,Dun & Bradstreet,https://yourdigitalrights.org/?company=dnb.com
dobsearch.com,Personal Information,,,,https://docs.google.com/spreadsheets/d/10wzyKEl-fAxjCD42u9HQxtCZjXRFGkKWb0rDQwwSXTU/edit#gid=7,,,
dogpile.com,Search Engine,,,,http://www.internetremoval.com/directory/,,,
donotcall.gov,Telemarketers,,,,https://www.stopdatamining.me/opt-out-list/,,,
duckduckgo.com,Search Engine,,,,http://www.internetremoval.com/directory/,,,
e-merges.com,Voter Lists,,,data@emerges.com,http://www.internetremoval.com/directory/,,E-Merges,https://yourdigitalrights.org/?company=e-merges.com
emailfinder.com,Data Brokers,,,support@emailfinder.com,https://www.stopdatamining.me/opt-out-list/,,Email Finder,https://yourdigitalrights.org/?company=emailfinder.com
emailtracer.com,Data Brokers,,,example@domain.com,https://www.stopdatamining.me/opt-out-list/,,Email Tracer,https://yourdigitalrights.org/?company=emailtracer.com
equifax.com,TOP,,,complaints@equifax.com,https://www.stopdatamining.me/opt-out-list/,,Equifax,https://yourdigitalrights.org/?company=equifax.com
experian.com,TOP,,,customerservices@uk.experian.com,https://www.stopdatamining.me/opt-out-list/,,Experian,https://yourdigitalrights.org/?company=experian.com
escosia.org,Search Engine,,,,http://www.internetremoval.com/directory/,,,
everify.com,People Finder / Background Check,,,,http://www.internetremoval.com/directory/,Dead,,
everyclick.com,Search Engine,,,finance@everyclickltd.com,http://www.internetremoval.com/directory/,,Everyclick,https://yourdigitalrights.org/?company=everyclick.com
excite.com,Search Engine,,,support@help.mindspark.com,http://www.internetremoval.com/directory/,,Excite,https://yourdigitalrights.org/?company=excite.com
idanalytics.com,TOP,,,sales@idanalytics.com,Opt Out,,ID Analytics,https://yourdigitalrights.org/?company=idanalytics.com
ezlocal.com,Directory - Yellow Pages,,,service@ezlocal.com,http://www.internetremoval.com/directory/,,EZlocal,https://yourdigitalrights.org/?company=ezlocal.com
facebook.com,Social Media,,,info@fb.com,http://www.internetremoval.com/directory/,,Facebook,https://yourdigitalrights.org/?company=facebook.com
familyandfriendsfinder.com,Personal Information,,,familyandfriendsfinderweb@gmail.com,https://docs.google.com/spreadsheets/d/10wzyKEl-fAxjCD42u9HQxtCZjXRFGkKWb0rDQwwSXTU/edit#gid=8,,Family and Friends Finder,https://yourdigitalrights.org/?company=familyandfriendsfinder.com
familytreenow.com,Personal Information,,,privacy@familytreenow.com,https://docs.google.com/spreadsheets/d/10wzyKEl-fAxjCD42u9HQxtCZjXRFGkKWb0rDQwwSXTU/edit#gid=9,,Family Tree Now,https://yourdigitalrights.org/?company=familytreenow.com
fastpeoplesearch.com,Personal Information,,,,https://docs.google.com/spreadsheets/d/10wzyKEl-fAxjCD42u9HQxtCZjXRFGkKWb0rDQwwSXTU/edit#gid=10,,,
find-records.org,Internet Browser,,,,http://www.internetremoval.com/directory/,Dead,,
findpeopleonplus.com,Personal Information,,,,http://www.internetremoval.com/directory/,,,
findpeoplesearch.com,Personal Information,,,customerservice@findpeoplesearch.com,https://docs.google.com/spreadsheets/d/10wzyKEl-fAxjCD42u9HQxtCZjXRFGkKWb0rDQwwSXTU/edit#gid=11,,Find People Search,https://yourdigitalrights.org/?company=findpeoplesearch.com
fljails.info,Mugshot,,,,http://www.internetremoval.com/directory/,Dead,,
floridabusted.com,Mugshot,,,,http://www.internetremoval.com/directory/,Dead,,
flvoters.com,Voter Lists,,,contact@flvoters.com,http://www.internetremoval.com/directory/,,FLVoters,https://yourdigitalrights.org/?company=flvoters.com
foursquare.com,Geolocation Tracking,,,privacy@foursquare.com,http://www.internetremoval.com/directory/,,Meadowbrook Financial Mortgage Bankers,https://yourdigitalrights.org/?company=foursquare.com
freephonetracer.com,Directory,,,privacy@freephonetracer.com,http://www.internetremoval.com/directory/,,Free Phone Tracker,https://yourdigitalrights.org/?company=freephonetracer.com
getfave.com,Directory - Yellow Pages,,,support@getfave.com,http://www.internetremoval.com/directory/,Dead,Fave Media,https://yourdigitalrights.org/?company=getfave.com
glassdoor.com,Employer Reviews,,,,http://www.internetremoval.com/directory/,,,
globe24h.com,Legal Directory,,,,http://www.internetremoval.com/directory/,,,
golookup.com,Personal Information,,,support@golookup.com,https://docs.google.com/spreadsheets/d/10wzyKEl-fAxjCD42u9HQxtCZjXRFGkKWb0rDQwwSXTU/edit#gid=12,,Go Lookup,https://yourdigitalrights.org/?company=golookup.com
goodsearch.com,Search Engine,,,information@goodsearch.com,http://www.internetremoval.com/directory/,,GoodSearch,https://yourdigitalrights.org/?company=goodsearch.com
gotbusted.net,Mugshot,,,,http://www.internetremoval.com/directory/,Dead,,
gotchamugshot.com,Mugshot,,,example@domain.com,http://www.internetremoval.com/directory/,Dead,Gotcha Mugshot,https://yourdigitalrights.org/?company=gotchamugshot.com
governmentregistry.org,Social Security Number Paid Search,,,privacy@cisnationwide.com,http://www.internetremoval.com/directory/,,Government Registry,https://yourdigitalrights.org/?company=governmentregistry.org
govssnrecords.us,People Finder / Background Check,,,,http://www.internetremoval.com/directory/,Dead,,
haines.com,Direct Marketers,,,info@haines.com,https://www.stopdatamining.me/opt-out-list/,,Haines & Company Inc.,https://yourdigitalrights.org/?company=haines.com
hartehanks.com,Data Brokers,,,privacy@hartehanks.com,https://www.stopdatamining.me/opt-out-list/,,Harte Hanks,https://yourdigitalrights.org/?company=hartehanks.com
hidden-past.com,Mugshot,,,,http://www.internetremoval.com/directory/,Dead,,
homemetry.com,Personal Information,,,,https://docs.google.com/spreadsheets/d/10wzyKEl-fAxjCD42u9HQxtCZjXRFGkKWb0rDQwwSXTU/edit#gid=13,,,
idoget.com,People Finder / Social Media,,,,http://www.internetremoval.com/directory/,Dead,,
idtrue.com,Personal Information,,,privacy@idtrue.com,https://docs.google.com/spreadsheets/d/10wzyKEl-fAxjCD42u9HQxtCZjXRFGkKWb0rDQwwSXTU/edit#gid=14,,ID True,https://yourdigitalrights.org/?company=idtrue.com
infospace.com,Search Engine,,,privacy@system1.com,http://www.internetremoval.com/directory/,,InfoSpace,https://yourdigitalrights.org/?company=infospace.com
infousa.com,Direct Marketers,,,contentfeedback@infogroup.com,https://www.stopdatamining.me/opt-out-list/,,InfoUSA,https://yourdigitalrights.org/?company=infousa.com
innovis.com,Data Brokers,,,compliance@innovis.com,https://www.stopdatamining.me/opt-out-list/,,Innovis,https://yourdigitalrights.org/?company=innovis.com
insiderpages.com,Directory - Yellow Pages,,,legal@insiderpages.com,http://www.internetremoval.com/directory/,,Insider Pages,https://yourdigitalrights.org/?company=insiderpages.com
instantcheckmate.com,Personal Information,,,unsubscribe@instantcheckmate.com,https://docs.google.com/spreadsheets/d/10wzyKEl-fAxjCD42u9HQxtCZjXRFGkKWb0rDQwwSXTU/edit#gid=15,,InstantCheckmate,https://yourdigitalrights.org/?company=instantcheckmate.com
instantpeoplefinder.com,Personal Information,,,support@instantpeoplefinder.com,https://docs.google.com/spreadsheets/d/10wzyKEl-fAxjCD42u9HQxtCZjXRFGkKWb0rDQwwSXTU/edit#gid=16,,Instant People Finder,https://yourdigitalrights.org/?company=instantpeoplefinder.com
intelius.com,Personal Information,,,privacy@peopleconnect.us,https://docs.google.com/spreadsheets/d/10wzyKEl-fAxjCD42u9HQxtCZjXRFGkKWb0rDQwwSXTU/edit#gid=17,,Intelius,https://yourdigitalrights.org/?company=intelius.com
intellius.com,Personal Information,,,,http://www.internetremoval.com/directory/,,,
isearch.com,Personal Information,,,,http://www.internetremoval.com/directory/,,,
jail.com,Mugshot,,,,http://www.internetremoval.com/directory/,Dead,,
jailbase.com,Mugshot,,,,http://www.internetremoval.com/directory/,Dead,,
jailshot.com,Mugshot,,,,http://www.internetremoval.com/directory/,Dead,,
jigsaw.com,Directory,,,,http://www.internetremoval.com/directory/,,,
justmugshots.com,Mugshot,,,,http://www.internetremoval.com/directory/,Dead,,
kayak.com,Travel,,,privacy@kayak.com,http://www.internetremoval.com/directory/,,Kayak Software Corp.,https://yourdigitalrights.org/?company=kayak.com
kgbpeople.com,Social Media,,,,http://www.internetremoval.com/directory/,Dead,,
knowx.com,People Finder / Background Check,,,,http://www.internetremoval.com/directory/,Dead,,
lexisnexis.com,Data Brokers,,,privacy.information.mgr@lexisnexis.com,https://www.stopdatamining.me/opt-out-list/,,LexisNexis Risk Solutions,https://yourdigitalrights.org/?company=lexisnexis.com
local.com,Directory - Yellow Pages,,,marketing@local.com,http://www.internetremoval.com/directory/,,Local.com,https://yourdigitalrights.org/?company=local.com
localpages.com,Directory - Yellow Pages,,,info@localpages.com,http://www.internetremoval.com/directory/,,Local Pages,https://yourdigitalrights.org/?company=localpages.com
locatepeople.org,Personal Information,,,support@infotracer.com,https://www.stopdatamining.me/opt-out-list/,,Locate People,https://yourdigitalrights.org/?company=locatepeople.org
locateplus.com,Personal Information,,,customerservice@locateplus.com,https://www.stopdatamining.me/opt-out-list/,,LocatePLUS,https://yourdigitalrights.org/?company=locateplus.com
lookup.com,People Finder / Background Check,,,support@lookup.com,http://www.internetremoval.com/directory/,Dead,Lookup.com,https://yourdigitalrights.org/?company=lookup.com
lookupanyone.com,People Finder / Background Check,,,,http://www.internetremoval.com/directory/,Dead,,
lookwhogotbusted.com,Mugshot,,,lookwhogotbusted@gmail.com,http://www.internetremoval.com/directory/,,Look Who Got Busted,https://yourdigitalrights.org/?company=lookwhogotbusted.com
lycos.com,Search Engine,,,privacy@lycos.com,http://www.internetremoval.com/directory/,,Lycos Inc.,https://yourdigitalrights.org/?company=lycos.com
manta.com,Directory - Yellow Pages,,,,http://www.internetremoval.com/directory/,,,
mapquest.com,Directory - Yellow Pages,,,privacyoffice@verizon.com,http://www.internetremoval.com/directory/,,Oxford Shipping,https://yourdigitalrights.org/?company=mapquest.com
marriagesintexas.com,Personal Information,,,,http://www.internetremoval.com/directory/,,,
mbmugshots.com,Mugshot,,,mb@mugshots.io,http://www.internetremoval.com/directory/,,MBMugshots,https://yourdigitalrights.org/?company=mbmugshots.com
merchantcircle.com,Directory - Yellow Pages,,,privacy@merchantcircle.com,http://www.internetremoval.com/directory/,,MerchantCircle,https://yourdigitalrights.org/?company=merchantcircle.com
meredith.com,Data Brokers,,,privacy@meredith.com,https://www.stopdatamining.me/opt-out-list/,,Meredith Corporation,https://yourdigitalrights.org/?company=meredith.com
merkleinc.com,Data Brokers,,,marketing@merkleinc.com,https://www.stopdatamining.me/opt-out-list/,,Merkle,https://yourdigitalrights.org/?company=merkleinc.com
michiganvoters.info,Voter Lists,,,,http://www.internetremoval.com/directory/,,,
mojopages.com,Directory - Yellow Pages,,,,http://www.internetremoval.com/directory/,Dead,,
moneymailerdirect.com,Direct Marketers,,,,https://www.stopdatamining.me/opt-out-list/,,,
mugme.org,Mugshot,,,,http://www.internetremoval.com/directory/,Dead,,
mugshotdatabase.com,Mugshot,,,,http://www.internetremoval.com/directory/,Dead,,
mugshotlist.com,Mugshot,,,,http://www.internetremoval.com/directory/,Dead,,
mugshots.com,Mugshot,,,mugshots.com1@gmail.com,http://www.internetremoval.com/directory/,,Mugshots.com,https://yourdigitalrights.org/?company=mugshots.com
mugshots.mobi,Mugshot,,,,http://www.internetremoval.com/directory/,Dead,,
mugshotsdatabase.com,Mugshot,,,,http://www.internetremoval.com/directory/,Dead,,
mugshotsearch.org,Mugshot,,,,http://www.internetremoval.com/directory/,Dead,,
mugshotsnow.com,Mugshot,,,,http://www.internetremoval.com/directory/,Dead,,
mugshotsonline.com,Mugshot,,,support@mugshotsonline.com,http://www.internetremoval.com/directory/,,Musg Shots Online,https://yourdigitalrights.org/?company=mugshotsonline.com
mugshotsplanet.com,Mugshot,,,,http://www.internetremoval.com/directory/,Dead,,
mugshotsworld.com,Mugshot,,,,http://www.internetremoval.com/directory/,Dead,,
myaddressbook.com,Personal Information,,,,http://www.internetremoval.com/directory/,,,
myfico.com,Data Brokers,,,sharingoptout@fico.com,https://www.stopdatamining.me/opt-out-list/,,myFICO,https://yourdigitalrights.org/?company=myfico.com
mylife.com,Personal Information,,,privacy@mylife.com,http://www.internetremoval.com/directory/,,MyLife,https://yourdigitalrights.org/?company=mylife.com
myspace.com,Social Media,,,privacy@myspace.com,http://www.internetremoval.com/directory/,,MySpace Music,https://yourdigitalrights.org/?company=myspace.com
mywebsearch.com,Search Engine,,,,http://www.internetremoval.com/directory/,,,
naymz.com,Social Media,,,,http://www.internetremoval.com/directory/,Dead,,
numberguru.com,Directory - Mobile,,,support@numberguru.com,http://www.internetremoval.com/directory/,,Number Guru,https://yourdigitalrights.org/?company=numberguru.com
nuwber.com,Personal Information,,,support@nuwber.com,https://docs.google.com/spreadsheets/d/10wzyKEl-fAxjCD42u9HQxtCZjXRFGkKWb0rDQwwSXTU/edit#gid=18,,Nuwber,https://yourdigitalrights.org/?company=nuwber.com
ohiovoters.info,Voter Lists,,,,http://www.internetremoval.com/directory/,,,
oklavoters.com,Voter Lists,,,,http://www.internetremoval.com/directory/,,,
openpasts.com,Mugshot,,,,http://www.internetremoval.com/directory/,Dead,,
pch.com,Direct Marketers,,,,https://www.stopdatamining.me/opt-out-list/,,,
peeepl.com,People Finder / Background Check,,,,http://www.internetremoval.com/directory/,Dead,,
nielsen.com,TOP,,,corporatepressinquiries@nielsen.com,Opt Out,,Nielsen,https://yourdigitalrights.org/?company=nielsen.com
people-finders.ws,Data Brokers,,,,https://www.stopdatamining.me/opt-out-list/,,,
peoplefinder.com,Personal Information,,,,https://docs.google.com/spreadsheets/d/10wzyKEl-fAxjCD42u9HQxtCZjXRFGkKWb0rDQwwSXTU/edit#gid=20,,,
peoplefinders.com,Personal Information,,,bizdev@peoplefinders.com,https://docs.google.com/spreadsheets/d/10wzyKEl-fAxjCD42u9HQxtCZjXRFGkKWb0rDQwwSXTU/edit#gid=21,,Peoplefinders.com,https://yourdigitalrights.org/?company=peoplefinders.com
peoplelooker.com,Personal Information,,,privacy@peoplelooker.com,https://docs.google.com/spreadsheets/d/10wzyKEl-fAxjCD42u9HQxtCZjXRFGkKWb0rDQwwSXTU/edit#gid=22,,People Looker,https://yourdigitalrights.org/?company=peoplelooker.com
peoplelookup.com,Data Brokers,,,privacy@peoplelookup.com,https://www.stopdatamining.me/opt-out-list/,,People Lookup,https://yourdigitalrights.org/?company=peoplelookup.com
peoplesearchnow.com,Personal Information,,,,https://docs.google.com/spreadsheets/d/10wzyKEl-fAxjCD42u9HQxtCZjXRFGkKWb0rDQwwSXTU/edit#gid=23,,,
peoplesearchpro.com,Data Brokers,,,privacy@peoplesmart.com,https://www.stopdatamining.me/opt-out-list/,,People Search ,https://yourdigitalrights.org/?company=peoplesearchpro.com
peoplesmart.com,Personal Information,,,privacy@peoplesmart.com,https://docs.google.com/spreadsheets/d/10wzyKEl-fAxjCD42u9HQxtCZjXRFGkKWb0rDQwwSXTU/edit#gid=24,,PeopleSmart,https://yourdigitalrights.org/?company=peoplesmart.com
phonedetective.com,Data Brokers,,,privacy@phonedetective.com,https://www.stopdatamining.me/opt-out-list/,,Phone Detective,https://yourdigitalrights.org/?company=phonedetective.com
privacyatchoicepoint.com,Direct Marketers,,,,https://www.stopdatamining.me/opt-out-list/,,,
privateeye.com,Data Brokers,,,,https://www.stopdatamining.me/opt-out-list/,,,
publicrecordsnow.com,Data Brokers,,,,https://www.stopdatamining.me/opt-out-list/,,,
radaris.com,Personal Information,,,affiliate@radaris.com,https://docs.google.com/spreadsheets/d/10wzyKEl-fAxjCD42u9HQxtCZjXRFGkKWb0rDQwwSXTU/edit#gid=25,,Radaris,https://yourdigitalrights.org/?company=Radaris.com
rd.com,Direct Marketers,,,customercare@rd.com,https://www.stopdatamining.me/opt-out-list/,,Readers Digest,https://yourdigitalrights.org/?company=rd.com
recordedfuture.com,Data Brokers,,,privacy@recordedfuture.com,Opt Out,,Recorded Future,https://yourdigitalrights.org/?company=recordedfuture.com
sortedbyname.com,Online Advertising Cookies,,,,http://www.internetremoval.com/directory/,,,
spokeo.com,Personal Information,,,legal@spokeo.com,https://docs.google.com/spreadsheets/d/10wzyKEl-fAxjCD42u9HQxtCZjXRFGkKWb0rDQwwSXTU/edit#gid=26,,Spokeo.com,https://yourdigitalrights.org/?company=spokeo.com
spytox.com,Personal Information,,,hello@spytox.com,https://docs.google.com/spreadsheets/d/10wzyKEl-fAxjCD42u9HQxtCZjXRFGkKWb0rDQwwSXTU/edit#gid=27,,Spytox,https://yourdigitalrights.org/?company=spytox.com
suarez.com,Direct Marketers,,,cserv@suarez.com,https://www.stopdatamining.me/opt-out-list/,,Suarez Corporation Industries,https://yourdigitalrights.org/?company=suarez.com
thatsthem.com,Personal Information,,,info@thatsthem.com,https://docs.google.com/spreadsheets/d/10wzyKEl-fAxjCD42u9HQxtCZjXRFGkKWb0rDQwwSXTU/edit#gid=28,,That's Them,https://yourdigitalrights.org/?company=thatsthem.com
thomson.com,Data Brokers,,,,https://www.stopdatamining.me/opt-out-list/,,,
oracle.com,TOP,,,customer_us@oracle.com,https://www.stopdatamining.me/opt-out-list/,,Oracle,https://yourdigitalrights.org/?company=oracle.com
peekyou.com,TOP,,,remove@peekyou.com,https://docs.google.com/spreadsheets/d/10wzyKEl-fAxjCD42u9HQxtCZjXRFGkKWb0rDQwwSXTU/edit#gid=19,,PeekYou,https://yourdigitalrights.org/?company=peekyou.com
truepeoplesearch.com,Personal Information,,,privacy@truepeoplesearch.com,https://docs.google.com/spreadsheets/d/10wzyKEl-fAxjCD42u9HQxtCZjXRFGkKWb0rDQwwSXTU/edit#gid=29,,True People Search,https://yourdigitalrights.org/?company=truepeoplesearch.com
truthfinder.com,Personal Information,,,unsubscribe@truthfinder.com,https://docs.google.com/spreadsheets/d/10wzyKEl-fAxjCD42u9HQxtCZjXRFGkKWb0rDQwwSXTU/edit#gid=30,,TruthFinder,https://yourdigitalrights.org/?company=truthfinder.com
usa-people-search.com,Personal Information,,,,https://docs.google.com/spreadsheets/d/10wzyKEl-fAxjCD42u9HQxtCZjXRFGkKWb0rDQwwSXTU/edit#gid=31,,,
ussearch.com,Data Brokers,,,privacy@peopleconnect.us,https://www.stopdatamining.me/opt-out-list/,,US Search,https://yourdigitalrights.org/?company=ussearch.com
valassis.com,Direct Marketers,,,chatbothelp@redplum.com,https://www.stopdatamining.me/opt-out-list/,,Valassis,https://yourdigitalrights.org/?company=valassis.com
verifythem.com,Personal Information,,,info@verifythem.com,https://docs.google.com/spreadsheets/d/10wzyKEl-fAxjCD42u9HQxtCZjXRFGkKWb0rDQwwSXTU/edit#gid=32,Dead,Verify Them,https://yourdigitalrights.org/?company=verifythem.com
veromi.net,Data Brokers,,,,https://www.stopdatamining.me/opt-out-list/,,,
whitepages.com,Personal Information,,,support@whitepages.com,https://docs.google.com/spreadsheets/d/10wzyKEl-fAxjCD42u9HQxtCZjXRFGkKWb0rDQwwSXTU/edit#gid=33,,Whitepages.com,https://yourdigitalrights.org/?company=whitepages.com
zabasearch.com,Data Brokers,,,optout@zabasearch.com,https://www.stopdatamining.me/opt-out-list/,,Zabasearch,https://yourdigitalrights.org/?company=zabasearch.com
towerdata.com,TOP,,,privacy@towerdata.com,Opt Out,,TowerData,https://yourdigitalrights.org/?company=towerdata.com
Spoke.com,Personal Information,,,,https://www.reddit.com/r/technology/comments/j1mit/how_to_remove_yourself_from_all_background_check/,,,
criteo.com,TOP,,,dpo@criteo.com,Privacy International,,Criteo,https://yourdigitalrights.org/?company=criteo.com
transunion.com,TOP,,,contactdesk@transunion.com,https://www.stopdatamining.me/opt-out-list/,,TransUnion,https://yourdigitalrights.org/?company=transunion.com
quantcast.com,TOP,,,privacy.qil@quantcast.com,Privacy International,,Quantcast,https://yourdigitalrights.org/?company=quantcast.com
tapad.com,TOP,,,privacy@tapad.com,Privacy International,,Tapad,https://yourdigitalrights.org/?company=tapad.com
legalleads.com,Data Brokers,,,privacy@legalleads.com,privacyrights.org,,Legal Leads,https://yourdigitalrights.org/?company=legalleads.com
alc.com,Data Brokers,,,sherry.booles@alc.com,privacyrights.org,,"Alc, Inc",https://yourdigitalrights.org/?company=alc.com
allwebleads.com,Data Brokers,,,onlineops@allwebleads.com,privacyrights.org,,All Web Leads Inc,https://yourdigitalrights.org/?company=allwebleads.com
backgroundchecks.com,Data Brokers,,,cklafehn@backgroundchecks.com,privacyrights.org,,Backgroundchecks.Com Llc,https://yourdigitalrights.org/?company=backgroundchecks.com
belardiwong.com,Data Brokers,,,sherry.booles@alc.com,privacyrights.org,,Belardi Ostroy Alc Llc,https://yourdigitalrights.org/?company=belardiwong.com
civisanalytics.com,Data Brokers,,,compliance@civisanalytics.com,privacyrights.org,,"Civis Analytics, Inc",https://yourdigitalrights.org/?company=civisanalytics.com
compactlists.com,Data Brokers,,,pei@compactlists.com,privacyrights.org,,Compact Information Systems,https://yourdigitalrights.org/?company=compactlists.com
cicreports.com,Data Brokers,,,compliance@cicreports.com,privacyrights.org,,Contemporary Information Corp,https://yourdigitalrights.org/?company=cicreports.com
corelogic.com,Data Brokers,,,dghazaleh@corelogic.com,privacyrights.org,,Corelogic Solutions Llc,https://yourdigitalrights.org/?company=corelogic.com
datafacts.com,Data Brokers,,,johnna@datafacts.com,privacyrights.org,,Data Facts Inc.,https://yourdigitalrights.org/?company=datafacts.com
v12data.com,Data Brokers,,,pkuman@v12data.com,privacyrights.org,,Datamentors Llc Dba V12,https://yourdigitalrights.org/?company=v12data.com
deluxe.com,Data Brokers,,,privacyprogramoffice@deluxe.com,privacyrights.org,,Datamyx Llc,https://yourdigitalrights.org/?company=deluxe.com
datastreamgroup.com,Data Brokers,,,er@datastreamgroup.com,privacyrights.org,,Datastream Group Inc,https://yourdigitalrights.org/?company=datastreamgroup.com
dataxltd.com,Data Brokers,,,vtinquiries@equifax.com,privacyrights.org,,Datax Ltd,https://yourdigitalrights.org/?company=dataxltd.com
deathrecords.org,Data Brokers,,,privacy@cisnationwide.com,privacyrights.org,,Death Records,https://yourdigitalrights.org/?company=deathrecords.org
digitalsegment.com,Data Brokers,,,bschorer@digitalsegment.com,privacyrights.org,,Digital Segment Llc,https://yourdigitalrights.org/?company=digitalsegment.com
divorcerecords.org,Data Brokers,,,privacy@cisnationwide.com,privacyrights.org,,Divorce Records,https://yourdigitalrights.org/?company=divorcerecords.org
firstorion.com,Data Brokers,,,cdenton@firstorion.com,privacyrights.org,,First Orion Corporation,https://yourdigitalrights.org/?company=firstorion.com
forewarn.com,Data Brokers,,,support@forewarn.com,privacyrights.org,,Forewarn Llc,https://yourdigitalrights.org/?company=forewarn.com
Govregistry.us,Data Brokers,,,privacy@cisnationwide.com,privacyrights.org,,Govregistry.Us,https://yourdigitalrights.org/?company=Govregistry.us
healthcare.com,Data Brokers,,,info@healthcare.com,privacyrights.org,,Healthcare.Com,https://yourdigitalrights.org/?company=healthcare.com
i-360.com,Data Brokers,,,info@i-360.com,privacyrights.org,,I360 Llc,https://yourdigitalrights.org/?company=i-360.com
ihsmarkit.com,Data Brokers,,,bruce.noll@ihsmarkit.com,privacyrights.org,,Ihs Markit,https://yourdigitalrights.org/?company=ihsmarkit.com
incheck.net,Data Brokers,,,abby@incheck.net,privacyrights.org,,Incheck Inc,https://yourdigitalrights.org/?company=incheck.net
goodhire.com,Data Brokers,,,privacy@goodhire.com,privacyrights.org,,Goodhire,https://yourdigitalrights.org/?company=goodhire.com
Instantbackgroundreport.com,Data Brokers,,,privacy@cisnationwide.com,privacyrights.org,,Instantbackgroundreport.com,https://yourdigitalrights.org/?company=Instantbackgroundreport.com
verisk.com,Data Brokers,,,privacy@verisk.com,privacyrights.org,,Insurance Services Office Inc.,https://yourdigitalrights.org/?company=verisk.com
intellicorp.net,Data Brokers,,,jvolk@verisk.com,privacyrights.org,,Intellicorp Records Inc,https://yourdigitalrights.org/?company=intellicorp.net
ididata.com,Data Brokers,,,support@ididata.com,privacyrights.org,,Interactive Data Llc,https://yourdigitalrights.org/?company=ididata.com
risk.lexisnexis.com,Data Brokers,,,legal.compliance@risk.lexisnexis.com,privacyrights.org,,Lexisnexis Risk Solutions Inc,https://yourdigitalrights.org/?company=risk.lexisnexis.com
marriagerecords.org,Data Brokers,,,privacy@cisnationwide.com,privacyrights.org,,Marriage Records,https://yourdigitalrights.org/?company=marriagerecords.org
usinfosearch.com,Data Brokers,,,mrichard@usinfosearch.com,privacyrights.org,,Martin Data Llc,https://yourdigitalrights.org/?company=usinfosearch.com
findmypast.co.uk,Data Brokers,,,support@findmypast.com,privacyrights.org,,Findmypast,https://yourdigitalrights.org/?company=findmypast.co.uk
modernize.com,Data Brokers,,,accounting@modernize.com,privacyrights.org,,Modernize Inc,https://yourdigitalrights.org/?company=modernize.com
studentclearinghouse.org,Data Brokers,,,legal@studentclearinghouse.org,privacyrights.org,,National Student Clearinghouse,https://yourdigitalrights.org/?company=studentclearinghouse.org
nexxagroup.com,Data Brokers,,,h.paulus@nexxagroup.com,privacyrights.org,,Nexxa Group Inc,https://yourdigitalrights.org/?company=nexxagroup.com
opendealerexchange.com,Data Brokers,,,jbalboa@opendealerexchange.com,privacyrights.org,,Open Dealer Exchange,https://yourdigitalrights.org/?company=opendealerexchange.com
openonline.com,Data Brokers,,,compliance@openonline.com,privacyrights.org,,Openonline,https://yourdigitalrights.org/?company=openonline.com
owneriq.com,Data Brokers,,,tpowell@owneriq.com,privacyrights.org,,Owneriq Inc,https://yourdigitalrights.org/?company=owneriq.com
parasolleads.com,Data Brokers,,,jschwartz@parasolleads.com,privacyrights.org,,Parasol Media Inc,https://yourdigitalrights.org/?company=parasolleads.com
creditinterlink.com,Data Brokers,,,pkarbo@creditinterlink.com,privacyrights.org,,Partners Credit And Verification Solutions,https://yourdigitalrights.org/?company=creditinterlink.com
pipl.com,Data Brokers,,,mail@pipl.com,privacyrights.org,,Pipl Inc,https://yourdigitalrights.org/?company=pipl.com
plmrkg.com,Data Brokers,,,george@plmrkg.com,privacyrights.org,,Plural Marketing Solutions Inc,https://yourdigitalrights.org/?company=plmrkg.com
publicrecordschecks.com,Data Brokers,,,privacy@cisnationwide.com,privacyrights.org,,Public Records Checks,https://yourdigitalrights.org/?company=publicrecordschecks.com
recordsauthority.com,Data Brokers,,,privacy@cisnationwide.com,privacyrights.org,,Records Authority,https://yourdigitalrights.org/?company=recordsauthority.com
reversegenie.com,Data Brokers,,,privacy@cisnationwide.com,privacyrights.org,,Reverse Genie,https://yourdigitalrights.org/?company=reversegenie.com
reversemobile.com,Data Brokers,,,privacy@cisnationwide.com,privacyrights.org,,Reverse Mobile,https://yourdigitalrights.org/?company=reversemobile.com
reversenumberdatabase.com,Data Brokers,,,privacy@cisnationwide.com,privacyrights.org,,Reverse Number Database,https://yourdigitalrights.org/?company=reversenumberdatabase.com
sagestreamllc.com,Data Brokers,,,ken_meiser@symantec.com,privacyrights.org,,Sagestream Llc,https://yourdigitalrights.org/?company=sagestreamllc.com
strategicinfo.com,Data Brokers,,,jdrziak@strategicinfo.com,privacyrights.org,,Strategic Information Resources,https://yourdigitalrights.org/?company=strategicinfo.com
theworknumber.com,Data Brokers,,,vtinquiries@equifax.com,privacyrights.org,,Talx Corporation,https://yourdigitalrights.org/?company=theworknumber.com
andersonadvisors.com,Data Brokers,,,info@andersonadvisors.com,privacyrights.org,,Ucc411,https://yourdigitalrights.org/?company=andersonadvisors.com
viantinc.com,Data Brokers,,,bnojima@viantinc.com,privacyrights.org,,Viant Technology Llc,https://yourdigitalrights.org/?company=viantinc.com
advcredit.com,Data Brokers,,,info@advcredit.com,privacyrights.org,,Advantage Credit Inc,https://yourdigitalrights.org/?company=advcredit.com
analytics-iq.com,Data Brokers,,,gailm@analytics-iq.com,privacyrights.org,,Analyticsiq Inc,https://yourdigitalrights.org/?company=analytics-iq.com
assurance.com,Data Brokers,,,swenson@assurance.com,privacyrights.org,,Assurance Iq Inc,https://yourdigitalrights.org/?company=assurance.com
avrick.com,Data Brokers,,,avrickdirect@avrick.com,privacyrights.org,,Avrick Direct Inc,https://yourdigitalrights.org/?company=avrick.com
databaseusa.com,Data Brokers,,,consult@databaseusa.com,privacyrights.org,,Databaseusa.com,https://yourdigitalrights.org/?company=databaseusa.com
theDMSgrp.com,Data Brokers,,,connect@theDMSgrp.com,privacyrights.org,,Digital Media Solutions,https://yourdigitalrights.org/?company=theDMSgrp.com
firstdirectmarketing.com,Data Brokers,,,joel@firstdirectmarketing.com,privacyrights.org,,First Direct Inc,https://yourdigitalrights.org/?company=firstdirectmarketing.com
infogroup.com,Data Brokers,,,contentfeedback@infogroup.com,privacyrights.org,,infoGroup,https://yourdigitalrights.org/?company=infogroup.com
backgroundsonline.com,Data Brokers,,,nate.waymire@backgroundsonline.com,privacyrights.org,,Iq Data Systems Inc,https://yourdigitalrights.org/?company=backgroundsonline.com
jverify.com,Data Brokers,,,admin@jverify.com,privacyrights.org,,Jverify Inc,https://yourdigitalrights.org/?company=jverify.com
wundermandata.com,Data Brokers,,,privacy@wundermandata.com,privacyrights.org,,Kbm Group Llc,https://yourdigitalrights.org/?company=wundermandata.com
knowwho.com,Data Brokers,,,bbrownson@knowwho.com,privacyrights.org,,Knowwho Inc,https://yourdigitalrights.org/?company=knowwho.com
L2Political.com,Data Brokers,,,bruce.willsie@L2Political.com,privacyrights.org,,L2 Inc,https://yourdigitalrights.org/?company=L2Political.com
libertydata.net,Data Brokers,,,support@libertydata.net,privacyrights.org,,Libertydata.Net,https://yourdigitalrights.org/?company=libertydata.net
mchdata.com,Data Brokers,,,peterlong@mchdata.com,privacyrights.org,,Mch Inc,https://yourdigitalrights.org/?company=mchdata.com
nelists.com,Data Brokers,,,dave@nelists.com,privacyrights.org,,New England List Services Inc,https://yourdigitalrights.org/?company=nelists.com
possiblenow.com,Data Brokers,,,bschorer@possiblenow.com,privacyrights.org,,Possiblenow Data Services,https://yourdigitalrights.org/?company=possiblenow.com
revealmobile.com,Data Brokers,,,andy@revealmobile.com,privacyrights.org,,Reveal Mobile Inc,https://yourdigitalrights.org/?company=revealmobile.com
reverserecords.org,Data Brokers,,,support@infotracer.com,privacyrights.org,,Reverserecords.org,https://yourdigitalrights.org/?company=reverserecords.org
infutor.com,Data Brokers,,,pedrokialanda@infutor.com,privacyrights.org,,Infutor Data Solutions,https://yourdigitalrights.org/?company=infutor.com
sterlingd.com,Data Brokers,,,info@sterlingd.com,privacyrights.org,,Sterling Data Llc,https://yourdigitalrights.org/?company=sterlingd.com
tenantdetective.com,Data Brokers,,,privacy@cisnationwide.com,privacyrights.org,,Tenant Detective,https://yourdigitalrights.org/?company=tenantdetective.com
lead.co,Data Brokers,,,dave@lead.co,privacyrights.org,,The Lead Company Inc,https://yourdigitalrights.org/?company=lead.co
twinedata.com,Data Brokers,,,bmorgan@twinedata.com,privacyrights.org,,Twine Data Inc,https://yourdigitalrights.org/?company=twinedata.com
whoodle.com,Data Brokers,,,support@whoodle.com,privacyrights.org,,Whoodle Llc,https://yourdigitalrights.org/?company=whoodle.com
yasni.com,Data Brokers,,,info@yasni.com,privacyrights.org,,Yasni,https://yourdigitalrights.org/?company=yasni.com
zoominfo.com,Data Brokers,,,privacy@zoominfo.com,privacyrights.org,,ZoomInfo,https://yourdigitalrights.org/?company=zoominfo.com
peopleconnect.us,Data Brokers,,,privacy@peopleconnect.us,privacyrights.org,,Peopleconnect Inc,https://yourdigitalrights.org/?company=peopleconnect.us
allareacodes.com,Data Brokers,,,press@allareacodes.com,privacyrights.org,,Allareacodes.com,https://yourdigitalrights.org/?company=allareacodes.com
blackbaud.com,Data Brokers,,,cameron.stoll@blackbaud.com,privacyrights.org,,Blackbaud Inc,https://yourdigitalrights.org/?company=blackbaud.com
courtrecords.org,Data Brokers,,,privacy@cisnationwide.com,privacyrights.org,,Court Records,https://yourdigitalrights.org/?company=courtrecords.org
courtregistry.org,Data Brokers,,,privacy@cisnationwide.com,privacyrights.org,,Court Registry,https://yourdigitalrights.org/?company=courtregistry.org
collegeloan.com,Data Brokers,,,tshaul@collegeloan.com,privacyrights.org,,Edvisors Network Inc,https://yourdigitalrights.org/?company=collegeloan.com
fullcontact.com,Data Brokers,,,compliance@fullcontact.com,privacyrights.org,,FullContact,https://yourdigitalrights.org/?company=fullcontact.com
infotracer.com,Data Brokers,,,support@infotracer.com,privacyrights.org,,Infotracer,https://yourdigitalrights.org/?company=infotracer.com
intelregistry.com,Data Brokers,,,support@intelregistry.com,privacyrights.org,,Intel Registry,https://yourdigitalrights.org/?company=intelregistry.com
team.neustar,Data Brokers,,,privacy@team.neustar,privacyrights.org,,Neustar Inc,https://yourdigitalrights.org/?company=team.neustar
path2response.com,Data Brokers,,,invoices@path2response.com,privacyrights.org,,Path2Response,https://yourdigitalrights.org/?company=path2response.com
peoplebyname.com,Data Brokers,,,support@peoplebyname.com,privacyrights.org,,People By Name,https://yourdigitalrights.org/?company=peoplebyname.com
onlinesearches.com,Personal Information,,,privacy@peopleconnect.us,privacyrights.org,,Onlinesearches,https://yourdigitalrights.org/?company=onlinesearches.com
persopo.com,Data Brokers,,,support@persopo.com,privacyrights.org,,Persopo,https://yourdigitalrights.org/?company=persopo.com
phonebooks.com,Data Brokers,,,help@phonebooks.com,privacyrights.org,,Phonebooks.com,https://yourdigitalrights.org/?company=phonebooks.com
publicrecords.com,Data Brokers,,,privacy@publicrecords.com,privacyrights.org,,Publicrecords.com,https://yourdigitalrights.org/?company=publicrecords.com
skipsmasher.com,Data Brokers,,,info@skipsmasher.com,privacyrights.org,,Skipmasher Inc,https://yourdigitalrights.org/?company=skipsmasher.com
Socialcatfish.com,Data Brokers,,,Matt@Socialcatfish.com,privacyrights.org,,Social Catfish Llc,https://yourdigitalrights.org/?company=Socialcatfish.com
speedeondata.com,Data Brokers,,,mbagley@speedeondata.com,privacyrights.org,,Speedeon Data Llc,https://yourdigitalrights.org/?company=speedeondata.com
spydialer.com,Data Brokers,,,info@spydialer.com,privacyrights.org,,Spy Dialer Inc,https://yourdigitalrights.org/?company=spydialer.com
webbula.com,Data Brokers,,,privacy@webbula.com,privacyrights.org,,Webbula Llc,https://yourdigitalrights.org/?company=webbula.com
thomsonreuters.com,Data Brokers,,,sonya.southward@thomsonreuters.com,privacyrights.org,,West Publishing Corporation,https://yourdigitalrights.org/?company=thomsonreuters.com
advanced-people-search.com,Data Brokers,,,,joindeleteme.com,,,
advancedbackgroundchecks.com,Data Brokers,,,,joindeleteme.com,,,
Clustrmaps.com,Data Brokers,,,,joindeleteme.com,,,
easybackgroundchecks.com,Data Brokers,,,,joindeleteme.com,,,
grey-pages.com,Data Brokers,,,,joindeleteme.com,,,
Hauziz.com,Data Brokers,,,,joindeleteme.com,,,
identitypi.com,Data Brokers,,,,joindeleteme.com,,,
neighbor.report,Data Brokers,,,,joindeleteme.com,,,
people.yellowpages.com,Data Brokers,,,,joindeleteme.com,,,
phonesbook.com,Data Brokers,,,,joindeleteme.com,,,
premium.whitepages.com,Data Brokers,,,,joindeleteme.com,,,
ThePublicRecords.com,Data Brokers,,,,joindeleteme.com,,,
TheIdentityPages.com,Data Brokers,,,,joindeleteme.com,,,
xlek.com,Data Brokers,,,,joindeleteme.com,,,